{"normal":[0,-1,0,-1,0,0,0,0,-1,1,0,0,0,0,1,0,1,0,0,0.7071,-0.7071,0,0.7071,0.7071,0.5774,-0.5774,0.5774,0.5774,-0.5773,-0.5773,0.0002,-0.7071,-0.7071,0.5773,-0.5774,-0.5774,0,-0.7071,0.7071,0,-0.7071,-0.7071,-0.5774,-0.5774,-0.5774,-0.5775,-0.5773,0.5773,-0.0002,-0.7071,0.7071,-0.5773,-0.5774,0.5774],"uv":[],"vertex":[-0.35,2.046317,0.35,-0.35,2.046317,-0.35,0.35,2.046317,-0.35,0.35,2.046317,0.35,-0.35,0.00714,-0.35,-0.35,0.00714,0.35,0.35,0.00714,-0.35,0.35,0.00714,0.35,0.35,2.632147,0.35,0.35,2.632147,-0.35,-0.35,2.632147,-0.35,-0.35,2.632147,0.35,0.902699,2.632147,0.35,0.902699,2.632147,-0.35,-0.802844,2.632147,-0.35,-0.802844,2.632147,0.35,0.902699,2.046317,0.35,0.902699,2.046317,-0.35,-0.802844,2.046317,-0.35,-0.802844,2.046317,0.35],"normalIndex":[0,0,0,0,1,1,1,1,2,2,2,2,3,3,3,3,4,4,4,4,0,0,0,0,5,5,5,5,4,4,4,4,6,7,7,6,2,2,2,2,7,6,6,7,3,3,8,9,10,6,6,11,12,13,9,8,7,12,8,7,1,1,14,15,6,13,14,6,13,12,15,14,16,7,7,17],"uvIndex":[null,null,null,null,null,null,null,null,null,null,null,null,null,null,null,null,null,null,null,null,null,null,null,null,null,null,null,null,null,null,null,null,null,null,null,null,null,null,null,null,null,null,null,null,null,null,null,null,null,null,null,null,null,null,null,null,null,null,null,null,null,null,null,null,null,null,null,null,null,null,null,null,null,null,null,null],"vertexIndex":[0,1,2,3,0,1,4,5,1,2,6,4,2,3,7,6,3,0,5,7,5,4,6,7,8,9,10,11,8,11,0,3,9,8,12,13,10,9,2,1,11,10,14,15,13,12,16,17,2,9,13,17,3,2,17,16,8,3,16,12,15,14,18,19,10,1,18,14,1,0,19,18,0,11,15,19]}
